graph_id,num_nodes,num_edges,label,aggregated_features
121,10,9,0,"[1.2302876978281492, 0.9683240414336169, 1.0082926628631823, 1.0246193515778688, -0.14501259619576043, 0.09722357869795045, -0.009507574406822416, -0.08864305493972055, 0.06527824786971187, 0.08264945137969813]"
121,10,9,0,"[1.0225061124019776, 1.0269060330067599, 0.9302914919369907, 1.0553723559223596, 0.1392806552650214, 0.04793538665260241, -0.05571608012198401, -0.028437911841790522, -0.07612628858329322, -0.028292625036855472]"
121,10,9,0,"[0.11469980851780304, -0.00728729891436071, 0.01208620730442813, -0.10726771552450687, 0.1923308811892468, 0.1814009879327978, 1.0615520735080433, 0.9325572758302683, 0.8833318235423073, 0.939713932324652]"
718,11,10,2,"[0.9991813452502684, -0.13189859109506255, 0.03285917731438631, -0.0023554871103653226, -0.09352691491102236, 0.10852298188243403, 0.09444262242056478, -0.01286767158259419, -0.04942180536093604, -0.04039070886798435, -0.1392465496031587]"
718,11,10,2,"[0.8760956556084423, 0.04886408944273952, -0.17587151483943442, -0.010995682592962144, -0.15003253320721263, 0.007492094046931389, 0.05111166497348367, -0.13815132407984754, -0.12955284189435626, 0.0795338774373504, 0.18355288029808647]"
718,11,10,2,"[0.13427901134896525, 0.11875526649058961, 0.04895647070037401, 0.024112926936358525, 0.2956138373538272, 0.04168648806522228, -0.08029213733451229, -0.109147001072952, 0.014185208528955271, -0.04785010211893093, 0.9680581111457913]"
1,10,9,0,"[1.0370169028634615, 1.0896551990586765, 1.106884353893384, 0.9935876382718634, 1.0290467415341025, 1.0765997103470828, -0.047661402448636425, 0.08898309349397472, -0.022379316542510373, 0.019053065834886408]"
1,10,9,0,"[0.9811028198338914, 0.9954594686957764, 1.0039960181505463, 1.093310338810136, 0.899779692131823, 0.7843717902120991, 0.04156609049404735, -0.1921731989580179, 0.08345457705532658, 0.012735644371849092]"
1,10,9,0,"[-0.06839285594021798, -0.08517315314634932, 0.009187386610253817, -0.09512031469535091, 1.1425185973295118, 0.9692267960947266, 0.8669673459197427, 1.0782902488044082, 0.9582975298419741, 1.001879186262859]"
102,10,9,0,"[1.1244487203860303, 0.9332385746601941, 1.0925237916507915, 0.930879715728325, 0.049723392098470515, -0.12927193862300526, 0.14666636381787485, 0.020569085866391106, -0.1546136097356623, 0.11357601590961329]"
102,10,9,0,"[1.1146767866468852, 1.0709505293681074, 0.9117075785694353, 0.8730932020368649, 0.007362073127957058, -0.05250205647454957, -0.026779636908997678, -0.014331510496370603, 0.02740063808892218, -0.014405947156996654]"
102,10,9,0,"[0.008886404049975925, -0.020181101904195215, 0.0016179945527430564, -0.09724735850337655, 0.09771293384013759, 0.04817071385954689, 1.0513664092668917, 0.7549168648405384, 1.0378593857342635, 1.1378320869856788]"
398,9,8,1,"[1.1537054219488765, -0.05814783662878109, -0.02714396489070439, 0.02100322819994142, 0.03627584321430116, 0.027125869173747263, -0.20239855939997675, -0.11078125819317775, -0.004879957707273125]"
398,9,8,1,"[0.9276136262456716, -0.18718648201131013, 0.11577226798584275, 0.05924837966148798, 0.0070006005612917345, 0.04511398805275697, -0.08130782984522693, -0.015374989523274336, -0.032773439804524546]"
398,9,8,1,"[-0.05376319076078811, -0.051046942270890384, -0.026299118548592043, -0.04770008942705606, 0.06524996064959643, -0.1006072988170256, -0.11306899356221965, 0.024340794716749305, 0.9157903609104012]"
715,11,10,2,"[1.019002222624611, 1.1889997839288184, 0.9990480570893334, 1.008587282438718, 0.08357670597413247, 0.1016496482587487, -0.10343133038707275, 0.27640155252846554, -0.1968507367561251, 0.13129037725765982, -0.17498611698073907]"
715,11,10,2,"[0.992043937867629, 1.0727613587566343, 0.9462485310471253, 0.9823146892534127, 0.029362847659767023, 0.034044284895165706, 0.024964029415425956, 0.0842649027825434, -0.18078823989753537, -0.03332704739593069, -0.007361569396250659]"
715,11,10,2,"[0.03978809796375107, 0.12604046797997556, 0.23680587897952635, -0.09645294272771512, 0.1095166041863571, 0.1510163767666619, -0.04451778969244677, 0.8436384315963757, 0.9481852843999165, 1.0997176305016703, 0.8990631866396261]"
276,9,8,1,"[0.8837832561854406, 1.1436790278938525, 0.9139957001250619, 0.9587393557503578, 0.9916890062052924, 0.9806678116633519, 0.13551846926453295, -0.05185164819407591, -0.10524592611321755]"
276,9,8,1,"[1.0037922661298957, 1.1246327725712275, 1.010506912808513, 0.9889572144296254, 1.0019508465848033, 0.8989784980288907, 0.011976511999158345, 0.07411047248774502, -0.09223922756294638]"
276,9,8,1,"[-0.14293340783632394, 0.054649327882659963, 0.06795579703675135, 0.9653981993314757, 0.8460023374541554, 0.9451734891791576, 1.088281199513233, 1.2177673523065797, 0.9935188411955105]"
71,10,9,0,"[0.8864090576465867, -0.09235536176058462, 0.010093051425374807, -0.002949637421243004, -0.025618020921751694, 0.061682679251069794, 0.10649265947285778, -0.1432316503533703, 0.003965478203822032, 0.01658202434310341]"
71,10,9,0,"[0.956267987014533, -0.009606554612347539, 0.034975333317750865, 0.07569471283182935, 0.020217411120764774, 0.06603862835594226, -0.26370671104585114, 0.20457632642933674, -0.027770685160072084, -0.058832906746049476]"
71,10,9,0,"[-0.0497452439656664, 0.11994533069437781, -0.048314213884336835, -0.019374246103026183, -0.07754237119036651, 0.10376643483733271, -0.031087267244282287, 0.19733668222955525, -0.0154097521619442, 0.9644178501475226]"
130,10,9,0,"[1.0874440177784268, 1.2047108266296747, 1.07334876697667, 1.006132996110102, -0.007501044278695454, 0.030398669777062848, -0.016746418981115917, 0.07491724689909703, -0.04849076657283273, -0.03931479182047101]"
130,10,9,0,"[0.9834245233236121, 0.8872070713628433, 1.1167551185757947, 1.1020389358600517, -0.02474906350270914, 0.09202327938637245, -0.05029042479035642, 0.07723570155130145, 0.1839553239005166, 0.08473633985524652]"
130,10,9,0,"[-0.058937408100035595, -0.051826231736595445, -0.04870893096947192, 0.005674196105619393, -0.04028052767589503, -0.15214615318155875, 0.9750293801697437, 0.9218259542958043, 1.0506198413074423, 0.8350577920965524]"
419,9,8,1,"[1.0133179853400154, 0.26837773823778827, 0.08786819962689775, 0.04021100880061605, -0.05075671062566448, -0.07085982123339067, -0.1269117758112448, 0.01958923240286262, -0.10662313312038335]"
419,9,8,1,"[1.0102418852461839, -0.1830130674550103, -0.19008409278684552, 0.08095973736680268, 0.04650136951636551, -0.14607069292165648, 0.030771299743813905, 0.18356743341492687, 0.06119875311784321]"
419,9,8,1,"[0.006806904641683183, 0.11545682239722113, 0.04875643230744106, -0.06687316798870446, 0.0431461542185866, -0.07459143064969224, -0.09972595468704556, -0.005192061581818343, 1.0245283200035549]"
554,11,10,2,"[0.927426024024107, -0.0014170808739038699, -0.14315249894157578, -0.05937848983553075, 0.000548875253172016, -0.0973213005039055, -0.03512672157640718, 0.028195228533772227, -0.05874786202956348, -0.032491390139891344, 0.10849929966518715]"
554,11,10,2,"[0.9892184714403073, 0.16798160197399076, 0.10256966147148737, 0.07934216451306943, -0.16162159088928318, -0.12344754587806736, 0.051933143896615144, -0.18757581886664662, 0.07031336861081908, -0.03206454269629085, 0.16603565475187568]"
554,11,10,2,"[0.025642263600946142, 0.06398779014461069, 0.11809115713423267, 0.07683322630217955, -0.15745821187593184, 0.12223475867003449, 0.008943847166763998, 0.1743381382465026, -0.14626465590003104, 0.1129978506947918, 0.9339827975320818]"
340,9,8,1,"[1.1409133725793723, 0.9629822338839117, 1.1152009140534815, 0.8680413361386006, 0.09451789121597916, -0.13840719028267812, 0.00019657535195207756, 0.04014274697434228, -0.09047705077147103]"
340,9,8,1,"[1.2210949168280458, 1.1294946292867658, 0.9651428860372323, 1.2187025770665683, -0.0026049727066955533, -0.09478815940973861, -0.04639997148667305, -0.06861186126512055, 0.14506891132416785]"
340,9,8,1,"[0.11315351333145246, -0.06076041151413924, 0.001753380161271988, 0.1580576000409882, -0.03159227874771382, 0.8985107131789067, 0.8093417852092413, 0.9898333917140143, 1.1411377063994397]"
726,11,10,2,"[0.961540619989748, 0.9753097611798605, 1.04996474261829, 0.8936362582835617, 0.19804925029407452, 0.07928650800512613, 0.002870508423404144, 0.10872837055524032, -0.06938279081843228, 0.09871050159575545, 0.06199751823511647]"
726,11,10,2,"[0.9471043976296589, 1.0878252743877652, 0.768780680880708, 1.1298355573961976, 0.036086379022227104, -0.23824293230000299, -0.06473598645606135, -0.07844312945664267, -0.10652581766575626, 0.15282404515587555, -0.013410638595413847]"
726,11,10,2,"[0.031987803062018406, 0.15906920989760562, -0.006655549124230481, 0.17616757294851482, 0.06494042217944766, -0.007335359894973751, -0.1865100779379863, 0.9212431300940823, 0.9665996189222126, 0.9844324165370146, 1.1461392002134136]"
318,9,8,1,"[1.065393213632003, 1.0992912357695117, 0.9646980619881637, 0.9888290690516314, 0.05626540736423721, -0.1117909455308773, -0.08086212301521278, -0.15092540701313134, 0.04488486271263038]"
318,9,8,1,"[1.1240457868767844, 0.751728606520275, 1.1032295121677993, 1.0209489180037417, -0.08160067114657946, -0.1519502629056665, 0.08150587094758512, 0.04424747469894123, 0.032772715528645815]"
318,9,8,1,"[0.05973725989131621, -0.024328471633091132, -0.058662033133581364, -0.13068681824972286, 0.004653784253439449, 1.1866523802974145, 1.0573226738731245, 1.0516120129947066, 0.999114526747703]"
725,11,10,2,"[1.1698225986665112, 1.0981482949288668, 1.092735694798081, 1.0052473876801589, 0.18827212897308665, 0.06280167017626619, 0.008431210819133398, 0.1727055854636142, 0.0387374210343573, -0.026463545273201296, 0.09806315414971796]"
725,11,10,2,"[1.0873620664170545, 1.122998739652672, 1.1243395251385646, 0.864292743218225, 0.03474900114740258, -0.09956759698246404, -0.06843365062524952, -0.16598522494686438, -0.1860200681847786, 0.05719552865006913, -0.00120465799840694]"
725,11,10,2,"[-0.17217033189345538, -0.16105946007639527, -0.11508819925409959, 0.04176878838059253, -0.19498329966403435, 0.09853490273640336, -0.04702567622308805, 0.8339859108891685, 0.811985712937776, 0.9282516041140673, 1.0986185160744928]"
308,9,8,1,"[0.9990797649714795, 0.9910349448634678, 0.8307905014842076, 1.1484119327811084, 1.1363738228119686, 0.9163452147949572, 1.0119622652193643, 0.866947534338897, -0.0724717076281343]"
308,9,8,1,"[0.9487262380390983, 0.9017129011571932, 1.083699118607608, 0.9400885330326171, 1.207805496611845, 0.9649523364184376, 1.1001507465445544, 1.0398972531996895, -0.06796138275480933]"
308,9,8,1,"[0.051984706307601686, 1.0956920525010463, 0.7885431699166842, 0.9610097840833676, 1.127377386981991, 1.0504072299439957, 1.0816010628701573, 1.133609222222408, 0.9290204667538127]"
478,11,10,2,"[1.0274446048203982, 0.07053145585262525, 0.031329774641867154, -0.03672615251923814, 0.052914869933122756, -0.004975119290025554, -0.16782303648789035, 0.007394627414390266, -0.0828578320198809, 0.12916304576524149, -0.013504734964048266]"
478,11,10,2,"[1.0660100435705682, -0.058381166528230916, 0.05238051094933862, 0.03972934894199522, 0.10049985680184802, 0.020863721479825126, -0.07984504421376003, -0.05813351952007328, 0.1277276280530606, 0.10599517290867949, -0.03195109279124626]"
478,11,10,2,"[-0.1326308809852311, -0.03566109124271642, 0.11395645402981665, 0.0842303830781287, 0.14810029522319734, 0.09437134786576759, -0.06152295474887737, -0.027868480303774958, 0.11571625469941185, 0.087039293019364, 1.0701406377143095]"
507,11,10,2,"[0.9350216033668445, 0.9043117999028163, 0.9140389524717799, 0.9418843409343465, 0.057916753938497594, 0.023724590769864388, 0.10119265165309266, -0.005792720624046855, 0.12745059495941635, -0.10934513635514315, -0.09734850814400527]"
507,11,10,2,"[0.9112643589369467, 0.9921091879326963, 0.8974551547254515, 0.9405647452913733, -0.1462547868263638, -0.28385565924734524, -0.07515963482935588, 0.16301595242473985, -0.10805330473940643, 0.1127143309358307, 0.04020041811554618]"
507,11,10,2,"[0.022442818999050006, 0.00952478387756858, -0.11642793092883635, -0.06238901902624471, 0.131101981808501, 0.03828634286178201, -0.05315378119017683, 1.0384921430310081, 0.8761591362841697, 1.1558896478194163, 1.0242183585921116]"
106,10,9,0,"[1.0975556404323876, -0.1365664258379608, -0.025907463876632442, -0.03546466921979274, 0.004873540371317707, -0.06339711996400982, 0.12885929920126213, 0.06580005450702041, 0.07035997472007348, 0.061343918550224655]"
106,10,9,0,"[1.0515664716745592, 0.038875950116639524, 0.03237655523471029, -0.08863051050621235, 0.055676270270427694, -0.010650599818783999, -0.07069336955997114, -0.07965115242937988, -0.10558037459903294, -0.044427250938627844]"
106,10,9,0,"[-0.1863446189447337, 0.004798658410449718, 0.09865498981413871, -0.0009975937289793655, -0.013171714194240444, -0.06622018923704188, -0.10274307046945974, -0.19686375877819626, 0.13098509398828612, 0.9993298459406369]"
149,10,9,0,"[1.008863253341527, 1.1995161844391273, 0.9170442861189317, 1.067483489859877, 1.0316598454335861, 0.9019232754466362, 0.9942094408264931, -0.019517208697901287, -0.0026642613766941045, 0.17600493127898933]"
149,10,9,0,"[1.0164686798787794, 1.0385649948404243, 1.125353697311864, 0.9554093267186087, 0.8556057378944535, 1.0709373413238907, 0.9968536409671735, 0.11837912625873313, 0.16374139455232284, 0.12641933150236506]"
149,10,9,0,"[-0.03517503207104257, 0.02756941848790183, 0.044371776947578566, 0.9675757611010384, 1.0917743558883282, 1.0990996600323275, 1.0270319213058912, 1.0344235792561651, 1.0886033016626324, 0.7475912202739723]"
714,11,10,2,"[1.2192595942106943, -0.05201327392866645, 0.03852751877808484, 0.2688170658339357, 0.017781911785656437, 0.029565812558160987, -0.17763261896492444, -0.09690893460738932, -0.1324567413927896, 0.07093933587487163, 0.0995053068612074]"
714,11,10,2,"[0.9542965208412794, -0.18273148833937455, -0.028915819468773557, -0.0317292956154406, 0.004385978712307649, 0.09747042529486763, -0.12431423142802472, 0.10880277468423281, -0.08200026350799344, -0.0002570604576023613, 0.0291483461364712]"
714,11,10,2,"[0.12691718088340365, -0.1917190662835085, -0.09267271153147735, -0.055046486688308985, 0.05292364457578544, 0.04319076713593039, 0.12448050982478878, 0.06961719249903724, -0.054222655960791594, -0.023167000210421493, 1.1447466176696013]"
758,11,10,2,"[1.0364108475614204, 0.9790646793323532, 0.8339700976100926, 1.0056863024076368, 0.09970447396188131, 0.04318450091614207, -0.0020474771505886572, 0.09523664854930974, 0.008468446991366637, 0.005790129828560063, 0.13664092126284552]"
758,11,10,2,"[1.007255184243138, 0.9503367637194818, 0.9033762929774447, 0.9970618300012454, -0.11721527731165082, -0.12904348862116657, -0.012891928722932221, 0.10177702839598296, 0.030813218107093636, 0.03628403157320176, -0.24097226497367857]"
758,11,10,2,"[-0.025178940599463948, 0.059962264649023767, 0.02415034592339704, 0.07830056205768929, 0.02147324351886254, 0.10699778199863369, -0.0918856824644467, 1.085844370733004, 1.0025515203229518, 0.9652107366128487, 1.0588386439575872]"
116,10,9,0,"[0.9159532687560965, 1.065150803110415, 0.9779181515949895, 0.882683076767774, -0.1819166431642687, 0.07576018255628153, 0.004938355251245174, 0.05046589535321092, 0.1744080013471894, 0.027211910811957857]"
116,10,9,0,"[0.9342398624066206, 0.9337300285351734, 1.103625060598118, 1.1644666861289523, 0.010917811622555559, -0.02985085721440306, 0.03717075017112072, -0.1132108769425737, 0.15407658287834108, 0.07457524118041702]"
116,10,9,0,"[0.042821917676499406, -0.24592201304030825, -0.0042498324844964614, 0.0013486435190159696, 0.06258086920700823, 0.060267516732489916, 1.1186223142285177, 0.9661038953345895, 1.1031981246237195, 0.9168042849302487]"
263,9,8,1,"[0.9285308643836743, -0.012092058887070522, -0.07312011907024919, 0.07876803921987421, -0.1349422485504198, 0.06611959794855768, 0.05335642570750826, 0.04120697940037524, 0.011688786795429193]"
263,9,8,1,"[0.9279871676556665, 0.014972992494380095, -0.057269321030342414, -0.13872133565398112, 0.23177423362786623, -0.08915216055440177, -0.06776495300594386, 0.18883287710902708, 0.055335224341938855]"
263,9,8,1,"[-0.04669931472751962, -0.02232563164626919, -0.004756323230422353, -0.04373307132474005, -0.03221543337823962, 0.11188773033734215, -0.15815448624206152, 0.09827310289190952, 0.8661955869693545]"
87,10,9,0,"[1.0161788102265248, 0.807730827424038, 0.8746494065629802, 0.9642661726153596, 0.9656826287652343, 0.8749715016894106, 0.10516874151342762, 0.09239085343680976, -0.02055266474823928, 0.07913584405034936]"
87,10,9,0,"[1.0021439165476498, 1.1965117190824945, 1.0404523325616266, 1.2118505584222206, 0.8541983972357312, 1.0274801075757143, 0.08115434731760954, 0.05517575309266832, -0.08993104694969703, 0.13243307952309952]"
87,10,9,0,"[0.04011534094791332, 0.29536860613979193, -0.06356222636119718, 0.0497254601364825, 1.0482239006514504, 0.9651543867240081, 1.109437945495722, 1.107168686893379, 1.1663867010298656, 1.0351969012607614]"
14,10,9,0,"[0.9469510588950515, 0.11170758701608863, -0.022761958189920172, -0.14000268438308525, -0.01569137387528317, 0.01588560968345454, -0.07618130833933874, -0.07007983501585177, -0.11414010792338186, -0.18982503866892464]"
14,10,9,0,"[0.9062303695565711, -0.026099256059561614, 0.04122622662710662, 0.1708246188821178, -0.014875372985873516, -0.08684945262502376, -0.08374328056602297, 0.14707923106678505, 0.07198901736091078, -0.05672934797137757]"
14,10,9,0,"[-0.06057393289522577, 0.12036085512952821, -0.21622647321580316, -0.0384976287601953, 0.17129483678226864, 0.06523132414452158, 0.23925256052709437, 0.05603874101234632, -0.1286150328969002, 1.1471971004556232]"
461,9,8,1,"[1.0522991860873425, 0.9124734664583056, 1.0187554056210386, 0.8460945479165195, -0.1367987757937365, 0.1505620590402641, -0.08507105242587026, 0.24031056133708917, 0.013846153559936092]"
461,9,8,1,"[0.9688404982912291, 0.9700106162132495, 1.026692032507302, 1.0296205788862696, -0.013232889012086458, 0.14173237584447368, -0.014138041003070867, 0.025031404536220016, 0.042707224099217615]"
461,9,8,1,"[-0.07557157393102851, -0.02356001569526775, -0.11241929038080255, 0.038308822724146596, 0.16537580036585847, 0.9192256168661394, 0.9057366623099845, 0.9097072793699335, 0.8557484226876111]"
793,11,10,2,"[1.0386473443056943, 0.7875353724195627, 1.0665514174544724, 0.8251846019596204, -0.11702936427013373, -0.009829017206742553, 0.08799295722474683, 0.07755584790578583, -0.01816604191837252, -0.12799840853308828, -0.012523076077146337]"
793,11,10,2,"[1.158983188358672, 1.0496556451394046, 1.1945003702741757, 0.7931162891458504, -0.10513818696801057, -0.07542470972601364, 0.14488375359932967, 0.12127424598174352, 0.004491037646896925, -0.12548479342872496, 0.121253351278019]"
793,11,10,2,"[-0.046766153750443504, -0.01403141714793799, -0.037929934277199456, 0.18063024403135874, 0.07780426373265575, 0.12536580659519364, -0.006744789064019713, 0.9424048995700003, 1.0222984340876886, 1.1166563840749948, 0.9783181867045485]"
321,9,8,1,"[0.990464371258506, 1.0554155457052958, 0.8441738028309069, 0.9603075775556251, -0.051130723185793626, 0.010826732986295976, -0.026459071527513606, -0.14618318837474006, 0.15296101845747648]"
321,9,8,1,"[1.021320952614864, 0.8599267590118382, 0.9912316582412878, 0.9145384888414203, 0.09284977619450205, 0.08290712498013415, -0.09866813909081366, -0.2060005781517599, -0.032541888251426065]"
321,9,8,1,"[-0.14186767663350597, 0.02666544583585334, -0.0875380243546699, 0.06390490746694974, 0.050473534468825104, 1.0479038152709443, 1.0513989707229716, 0.8676570873055313, 0.913650635264064]"
628,11,10,2,"[1.1259878717070593, 0.9379446130401224, 1.016576267801311, 0.9783931325229326, 0.0419207969947734, 0.0028081974187133697, 0.07025330493104634, -0.07303831888547589, 0.10477360995233818, -0.0955937298914768, -0.017012392848136586]"
628,11,10,2,"[1.0468728026488618, 0.9551877245641935, 1.0343312237762716, 0.9394600107058659, -0.08239499209829879, -0.033501619176109415, 0.09702589882555501, 0.08896158925319725, -0.07465836341130187, -0.012022384239728474, -0.04816977964639031]"
628,11,10,2,"[-0.022189741862818885, 0.06620044164094385, 0.055368488703304033, 0.0036085775559728146, -0.059624398580311766, 0.128252122860463, 0.1817947448879187, 1.0068238738713524, 0.8095956826850941, 0.8787455656815709, 1.0736761482290833]"
195,10,9,0,"[1.0396236656837365, 0.8755139515085939, 0.9383180057891991, 0.9731759456105278, -0.11046230736816601, -0.0869059296803612, -0.06627526327707818, 0.07393487350342119, 0.0212503967467129, -0.19075935649803222]"
195,10,9,0,"[1.0949703053374098, 0.9527147947720147, 0.9676802572923187, 0.9303362253527592, -0.11843237725020324, -0.05419481166854952, 0.12025689636317836, 0.041245696256411196, 0.03391215324200768, -0.01476697951995462]"
195,10,9,0,"[-0.04332683487861892, -0.12669722127967148, 0.07326062007505067, 0.0985343939376153, -0.10817939457125957, -0.11389387185284752, 1.0959259694856822, 1.0430746969579834, 0.9913870741817126, 0.8810136578465306]"
393,9,8,1,"[0.9000871218988008, 0.9273754444575874, 0.91692404115857, 1.093549894870738, 1.091456042604198, 0.9189280343693925, -0.0064663892449276245, -0.15633440253176942, -0.021396259949050644]"
393,9,8,1,"[0.9809457879835374, 1.1540951957600698, 0.9874790332429222, 1.0727569874870324, 1.1554155412072202, 1.0046003102641217, -0.12462936612878259, 0.0517641191446513, 0.038327841100830456]"
393,9,8,1,"[-0.10245921341271558, 0.08333336542249094, 0.041991988447254595, 0.8172462062825111, 0.9404281852645019, 1.1898612044513703, 0.8200876705048957, 0.9749654593889384, 0.8310353332094275]"
686,11,10,2,"[1.0469266536065496, 0.8480029955342081, 0.7940683179158299, 0.8831272592429673, 0.11359889761375559, 0.12174883151034875, 0.14441021691153164, 0.01112361147016106, -0.036508096325889944, -0.029059012218153032, 0.08107650214269463]"
686,11,10,2,"[1.023828483011106, 1.011044777034326, 0.9163742084858577, 1.0678832121134478, -0.1253725917001234, -0.04710033555691352, 0.041632510666479376, -0.13628573015350018, -0.04534418842296142, 0.050823653268113805, -0.009383336570651081]"
686,11,10,2,"[0.09189869811000972, -0.17145105938428706, -0.010499476730462016, -0.03539157273062477, 0.06672449535183383, 0.12204834839775905, -0.03113786751455587, 0.9564181383523184, 0.9651238093968122, 1.1825040378416727, 1.0259175469717348]"
188,10,9,0,"[0.9118740153206926, 1.0542263223341248, 1.1999844915620095, 0.8742857244815476, -0.1754575148102554, -0.1831082315043154, -0.009462615942003401, -0.16990542120026406, -0.016063737741723257, 0.00783349323265505]"
188,10,9,0,"[1.1812175760798622, 1.0170362536535278, 0.9799179285129586, 0.8285384465527507, 0.05717426449748357, -0.023158948008700133, -0.014941383875556876, -0.009995024310866385, 0.051721117090765004, -0.20565136517824276]"
188,10,9,0,"[-0.04740415924289701, -0.006523434935908562, 0.06670580524283852, 0.06299409282028483, -0.10601393493354493, -0.07553777400191022, 0.7942864187001115, 1.084718520385699, 0.8084535966946554, 1.1734429100167951]"
52,10,9,0,"[0.9957310891937042, 1.0770787929461407, 1.1489989458459913, 1.13536523342804, 0.026756103350114902, 0.06957134540560028, 0.09588510940527213, -0.14094505943981292, -0.08783500237667552, -0.16267492531041758]"
52,10,9,0,"[1.0008208571920232, 1.1100190157882308, 0.8321732208405717, 1.0052642687044908, -0.0729266040726817, 0.09870745600057423, -0.07287861837489826, -0.015806784108273426, 0.01105279282677196, 0.015412142544583072]"
52,10,9,0,"[0.09155938084625183, 0.03493487614358838, 0.02318864246635115, 0.11419294326496572, -0.05947094180133544, 0.09204130456168459, 1.148653429358105, 0.9034977329714662, 1.0308795320868487, 1.1028815524810134]"
748,11,10,2,"[0.9590126036767614, 1.197060044923752, 0.8897468573090931, 1.0421783603924444, 0.9774612116300763, 0.9656898934233314, 1.1088110177706103, 0.06943232531499562, -0.033492317946727045, -0.04290742143979839, -0.026832338692244325]"
748,11,10,2,"[1.1360484277309557, 1.0833625160832723, 0.9152673322735642, 1.0053728983851353, 1.1532657026381847, 1.0940155646105787, 0.9876563372923722, 0.07192831361699527, 0.10870104018335494, 0.12450540646875637, 0.02156386180108516]"
748,11,10,2,"[-0.005961827086239602, -0.05701128448437083, 0.06998923611987906, -0.008172470389498487, 0.8049862750557166, 0.9573285853670964, 1.0900398836715466, 0.989584820977411, 0.9985846187956205, 0.9102297722014672, 0.9419619734489457]"
92,10,9,0,"[1.1382263996589563, 1.0799053693448213, 0.9645506586363735, 1.2429145463133835, 0.07388622304857652, 0.09061378998100406, -0.08858774799493066, 0.08054444319187132, -0.03788571880970901, -0.19395749423007075]"
92,10,9,0,"[0.9547240098793517, 0.9709402073751864, 1.1270120117533071, 0.9126321920675027, 0.07394530604335917, -0.060228721988029824, 0.022346484985440625, 0.08042662641800938, 0.11173581986101577, 0.02210504459968359]"
92,10,9,0,"[0.08445642471888498, -0.03811831079649408, 0.016734857093644154, -0.1195855536392898, -0.08009842706461048, 0.04574374525452258, 1.0271917526985923, 0.9007879696580943, 1.1645159304565944, 0.946261020706498]"
296,9,8,1,"[0.8985545410468195, 0.08245785136260157, 0.10378947934495525, -0.011995057382587172, 0.02100264396854481, 0.01432035908250897, 0.03308886496560789, 0.050561618916596274, -0.1274973578152363]"
296,9,8,1,"[0.9956871180776058, -0.00963017858296121, -0.007810292490348027, 0.1919741495518356, 0.0432007459349525, -0.003548310041604685, -0.03677627259251574, 0.09221769248773165, 0.03348492756499363]"
296,9,8,1,"[0.01065369651805591, 0.11144408404209312, -0.14130108765994137, -0.025654570219664233, -0.06412792430889838, 0.01644814423406775, -0.03330675126493551, -0.07414769140086115, 0.862165422178767]"
415,9,8,1,"[0.9416227311869547, 0.9260280052754767, 0.877612389709747, 1.0076004342738287, 1.0314417119694628, 1.143678195957403, 1.0350404346934459, 1.1386319180084892, 0.023915270469188815]"
415,9,8,1,"[1.064555932346051, 1.1222382451331872, 0.9397286631063464, 1.045787845969428, 0.8546511823603016, 0.9780218625960944, 1.0023827055191867, 1.0249865382048784, -0.12017135969826682]"
415,9,8,1,"[0.20783961803758078, 1.0509819212293892, 0.9051789671520761, 1.1020281886861714, 1.0076966848622835, 1.012681426301931, 0.8475151714434659, 0.895669470910423, 0.8497635650009754]"
355,9,8,1,"[0.946265269376643, -0.0037529369748941464, 0.044715446458781276, 0.06822177427969355, 0.028519768561900395, 0.04922749618787002, -0.024625709930682863, 0.03451412277842662, -0.11054239805381083]"
355,9,8,1,"[0.8108142374591195, -0.08691580070903429, 0.1926073531953906, -0.05592253835724738, 0.16231552737416577, 0.15809747782515554, 0.20672498045502175, 0.1729696256646588, -0.15895136919563377]"
355,9,8,1,"[-0.07674118122775322, 0.1863087921352047, -0.02562817588326784, 0.0015681978398474176, 0.1390288696318925, 0.32323303451135776, 0.0273912490513063, -0.1604211042537441, 1.0042536357219936]"
367,9,8,1,"[0.9942550262796046, 0.9888077173099231, 1.064897684112773, 0.9666329208195221, -0.07671085226296072, 0.08719453080487435, -0.025939621838303634, -0.0779508524747224, -0.08748612471753853]"
367,9,8,1,"[1.1102766263815282, 0.9403975049996206, 0.9540959691429356, 0.9813618812667753, -0.057894701520590564, -0.06972092250105144, -0.20458184626486342, -0.14564994539185616, 0.09406632792786343]"
367,9,8,1,"[0.1430928862883903, 0.07218993790227925, -0.030132290301261133, -0.017218314580914627, -0.050366294156427543, 0.9500792104690519, 1.0872400082111724, 1.028888244482651, 0.9217779086633782]"
74,10,9,0,"[0.9770369283023828, -0.03636459915058018, 0.015757774622753844, -0.12019981281181907, 0.19911763685941336, 0.07534676431194585, -0.22589170048815257, -0.08568791251883505, 0.0492802829023764, 0.008404752089324018]"
74,10,9,0,"[0.8679707119049311, 0.05728093766811668, 0.040487854730222116, -0.03457347060568206, -0.027588442076314598, -0.03780404703250176, -0.11018877718283529, -0.10875789873547588, 0.013189540036811706, -0.04509597822260479]"
74,10,9,0,"[0.050488675700883834, -0.025381858269925856, -0.23968927534006507, -0.07984133406133391, 0.06180362524503072, -0.0338144142689477, 0.09497953715853401, 0.008824940648358221, -0.061694569380979926, 0.981978594736742]"
472,11,10,2,"[0.8377336343878774, 1.2761218231666023, 1.018059210910729, 0.9469554248494955, -0.11521588221136483, -0.12616669776899686, -0.08513874341193649, 0.030015690275531488, -0.02422795968478016, 0.07166845501945494, 0.15504949095171236]"
472,11,10,2,"[0.996441648516607, 1.0720023447139424, 0.9647357576708252, 0.9358809121340503, -0.11367387978364972, -0.15490397114568363, 0.020941147952256118, 0.07667286318287611, 0.10849559714287756, -0.038252541555908744, 0.01387710786326217]"
472,11,10,2,"[0.034800537250553196, 0.06998832874744278, -0.12662654070727786, -0.04225266591128671, -0.01404539945867146, 0.08573870734108283, 0.10328034252965755, 0.9287263745118945, 0.9666996816332286, 0.9660073349443574, 1.0118182372916427]"
379,9,8,1,"[1.0449065393000951, -0.009173102683946489, 0.035595889011955976, -0.14251185613071796, 0.01494197608049789, -0.01894931654641111, -0.04095811594464771, 0.0434689560960677, 0.00782586155732957]"
379,9,8,1,"[1.209875950386835, -0.016692495304391312, -0.21092814718175262, -0.014227909111048796, 0.06291297308609073, 0.02624267116267984, -0.23660105935114426, 0.051019866363224135, 0.019580896360671087]"
379,9,8,1,"[0.019467823910340066, 0.032040775051041796, 0.12189802076667658, 0.019986609436706076, 0.17642148073985228, 0.12263244153196971, -0.16664310781020591, -0.002556615847580574, 1.0846596593590545]"
413,9,8,1,"[0.8686543869426956, 1.0789773924575532, 1.0145126754317242, 1.1457913329396074, -0.09189136202234743, -0.08369945226512147, 0.12909913772228485, 0.02746493837187593, -0.04090047094103627]"
413,9,8,1,"[1.2831926806902505, 1.203244182489545, 0.9684428276771722, 1.0943899829336368, 0.07402319562968573, -0.05538253289106303, 0.06172780264460691, -0.10915549371798004, 0.10788893135046607]"
413,9,8,1,"[0.07020778563631024, -0.025960964741725143, 0.11452624705207781, 0.046715878509421466, 0.11549717719766467, 0.9270196875343049, 0.835783319521175, 0.9847005751257636, 0.9875671985181079]"
568,11,10,2,"[0.9786217828513677, 0.09477390802439162, 0.19550560891066862, -0.08669836540604475, -0.17451462724813113, -0.04528591711747849, -0.029831639818144386, 0.09863569997221626, 0.09876419251571023, 0.14836503168547951, 0.04714523755757269]"
568,11,10,2,"[1.000461687579771, 0.00010697067935442478, -0.006150873281305948, -0.083755650099333, 0.07393918429478577, -0.019787857287079682, 0.14289017399286683, -0.10629184343927292, 0.060924632348834766, 0.1672508728299198, 0.01098370876987592]"
568,11,10,2,"[-0.048764501022990736, 0.01601974132495984, -0.205348650459423, 0.1207454377044047, -0.05145769846154248, 0.0889399818732149, -0.1568070286797814, 0.03161426899447587, -0.04306592891447877, 0.003574404274752964, 0.9591980819536481]"
615,11,10,2,"[0.9305528554538997, 0.9165462852691887, 1.0473419811649163, 0.982109396504884, 0.06108432659265133, 0.04860292470962518, 0.014345788298875745, 0.009565342553767906, -0.03625112821578225, -0.07422734837645525, 0.18968247694850815]"
615,11,10,2,"[1.0976514898349028, 1.0524695652983644, 1.1419852059156645, 0.8894692465802958, 0.160767557371217, -0.08580254765785483, -0.1590458163922009, -0.05924219980776427, -0.014518543040204576, 0.05754698438842405, -0.03825933084716472]"
615,11,10,2,"[-0.02935195083279555, -0.12034274607553258, 0.039136983974473495, 0.07477597419477207, -0.20265689992484864, -0.11172079772987405, 0.034928476311278836, 0.9338906393207173, 1.0663485354975242, 0.8933544360777537, 1.0370502243958715]"
151,10,9,0,"[0.8858001214393619, 0.9234853281920664, 0.8898737337130129, 0.8958190411137104, 0.005235370393903314, -0.058490555381819756, 0.014351244443923586, -0.0671719205938394, 0.17687048752486034, -0.1643049693704272]"
151,10,9,0,"[0.9962283726243164, 0.929890096716359, 0.994644489330942, 1.2003564074270607, 0.03109967145586339, -0.00524018182714057, 0.08008978115560965, -0.11941597206314054, 0.06617975951617289, -0.07635361281349755]"
151,10,9,0,"[-0.056255505379124215, -0.11570216066613592, -0.015845051479126137, 0.024662105617993903, 0.13280291902238497, 0.10367949288281104, 1.0384121391266234, 0.8990767640413174, 0.989917544037411, 1.0037458001261286]"
99,10,9,0,"[0.8568922211810598, 0.9891568512760802, 1.0221168545985753, 1.0029344799150575, -0.030406851884106568, -0.039714260290813624, 0.04606126653819223, -0.08923617057067365, 0.004885635784189319, 0.026176696787904293]"
99,10,9,0,"[0.9309154890593934, 0.832390311419063, 0.9981511628250443, 0.868034366473404, 0.02733148731512617, 0.16107879725097018, -0.021264996946526615, 0.14468998207669384, 0.062022486626736886, 0.09054011120903196]"
99,10,9,0,"[0.05237712118512938, 0.008798281201773693, 0.07508702156131979, -0.01673388235885932, 0.15669269892219784, 0.03396545285363152, 0.8873308324349813, 0.8856145847089091, 1.0862856587894751, 1.0411543137737427]"
249,9,8,1,"[0.9286632030779342, 1.0858109329730221, 0.9926088293984351, 1.0180478676496998, 0.028247476272100364, -0.011364548126849732, 0.20235701219402868, -0.030900300465147648, 0.0909572029914008]"
249,9,8,1,"[1.1481840627852729, 1.0201751688628995, 0.863306266510827, 0.7980063250073771, 0.10644170107600025, -0.00463648655263467, 0.12769022562994653, 0.15690282759281168, 0.08044112298238404]"
249,9,8,1,"[0.07443482590374378, -0.1672512710071586, 0.005603394467227897, 0.04973396414412953, 0.0015034298784831267, 1.1262882937795815, 0.9362124074001261, 1.2850811406848721, 0.8709503797572866]"
442,9,8,1,"[1.1209800782583523, 0.9635231049942234, 0.9103832159938127, 1.02291992452994, -0.18580732903734687, -0.09515026858062853, -0.0679717230233725, -0.03477103968891758, 0.02895697369945939]"
442,9,8,1,"[0.9819006562631164, 0.7991582140055328, 0.9560930413126189, 0.7643611467793564, -0.024226681951044347, -0.018880458102260054, 0.04886501237991958, -0.025803627015840637, 0.023937487299699887]"
442,9,8,1,"[0.06776452092582753, -0.11222533736628673, 0.08021371434796341, 0.19553823841660364, 0.0963279841651029, 1.1052312890245166, 1.0047933901009276, 1.1806594724623212, 0.834933331285989]"
420,9,8,1,"[0.9611576768759222, 0.8427647503065312, 0.9141951159805527, 0.7764860135396668, -0.03095258833073274, 0.06412830545752904, -0.04990718018736256, 0.04790117948832571, 0.05536625782408142]"
420,9,8,1,"[0.941096404676979, 1.0842939556133988, 0.9898169402666118, 0.8863437912248845, -0.08608015131120489, 0.07220809027712034, 0.014589445593020767, 0.1196011695176503, 0.20376390413931822]"
420,9,8,1,"[-0.14489908952393388, -0.07784817766591079, 0.18232446828948698, -0.03655394553865507, -0.14812410357883032, 0.8922847765482871, 0.969674546828296, 1.020378968251886, 0.7919792279370159]"
466,9,8,1,"[0.876238693149673, 0.9956217233191178, 0.8425308154700235, 0.9503373033089342, 0.05732437127025192, 0.023011483450034533, -0.06387695699644899, 0.07304206987718496, 0.05482407004832778]"
466,9,8,1,"[0.82491952304907, 1.077613060949886, 0.7706436896297113, 0.9066856128060947, -0.17941280062000942, 0.03509195952500996, -0.020318646139727482, -0.014620898497401247, -0.1378911200845616]"
466,9,8,1,"[0.2443119960272626, 0.031695495696779874, -0.02627241781746083, -0.01337498854005684, 0.14783250996865827, 0.7795263910416985, 0.9803927471503504, 1.0812284448887204, 0.975610867577372]"
484,11,10,2,"[1.0815393403556044, 1.0259866686671693, 1.2917827053227617, 1.0800519194615825, -0.020746795213860674, -0.0022157927602939028, 0.05751593744098082, -0.033968094658083536, 0.1738983241322412, -0.12400586158304416, -0.08447817907861416]"
484,11,10,2,"[0.9972752807582708, 1.027863554691616, 0.9453392607188605, 0.9247308310620421, 0.20382677674145144, 0.08507059595856442, -0.05117079529644306, -0.08769331462996934, -0.12714870344810492, -0.07445397581083436, 0.0627770371546075]"
484,11,10,2,"[0.11604802132250379, 0.22280115425287914, 0.07523574712049218, 0.04436522931362901, -0.002719370894966233, -0.17267282526466154, 0.06101116380484506, 0.9293660385887331, 0.8220869861837904, 0.9335753408223516, 0.9817825408168342]"
378,9,8,1,"[1.0872570796446517, 0.9691625838128326, 0.9507800441970647, 0.9586216643984181, -0.06452156958638121, 0.019142334608970055, 0.022553684545880297, -0.14119267125814897, 0.039850025637574296]"
378,9,8,1,"[0.9769333932550759, 1.0452901918388737, 0.9474862321471141, 0.9285962948170627, -0.08585754086640118, 0.11986069443370345, -0.01213544649891075, -0.18804831980831663, 0.07134853785833595]"
378,9,8,1,"[-0.007025180441996805, 0.04083227203665206, 0.03103779809081014, -0.02702195459140763, 0.1770172973223637, 0.9252638406414402, 0.9918777458691168, 1.0053480391121823, 1.0851924877515071]"
706,11,10,2,"[0.9341912266403704, 0.9530301278479942, 1.0730958644507695, 1.053479328016679, 0.10258039423925383, 0.025129381014557126, 0.0012746120179714928, -0.019719914499472174, -0.07213810405161773, 0.009425728010061949, -0.11980172785365338]"
706,11,10,2,"[1.0783119990989967, 0.9427520224647328, 1.0892513124653214, 0.8593083273910949, -0.14559380037342481, 0.08990642541071825, 0.06430192311983707, -0.1371988271557377, 0.2803377581885062, -0.025255476886456317, 0.0649111929646849]"
706,11,10,2,"[-0.08920131950418908, 0.09446083756310959, 0.08699377292820935, -0.06073467005434521, -0.11188664651539688, 0.019213953390747614, -0.018160982914622762, 1.0007918698617442, 0.9383417662638375, 1.1024011247217111, 0.9045098191900376]"
382,9,8,1,"[1.1074876270428977, 0.8391376125161538, 1.0111032251036693, 1.073373327116332, 1.0651107332973162, 1.0223539259188936, 0.8803974820540743, 0.9252199971356688, 0.03179963704338138]"
382,9,8,1,"[0.9870902542732481, 1.0373195487116178, 0.8830872742715083, 0.9456047210696995, 1.0300494854408389, 1.0311377197661504, 1.0619718155393079, 1.0418368712790347, 0.13785697843636402]"
382,9,8,1,"[-0.17842554431213187, 0.9605523150164063, 0.8518732663976675, 0.9337357186366276, 1.0086880813497319, 0.9054768517680042, 1.1662580681162968, 1.017195378486214, 1.037074545929019]"
20,10,9,0,"[0.9002275827471917, -0.202846154196982, 0.21814359052513466, -0.13011589233318682, 0.11724816539734723, 0.06104438372337746, 0.056546043089909306, 0.024911707961475148, -0.03458744945002722, -0.05313950024468888]"
20,10,9,0,"[0.9150338737379995, -0.09379596434347527, -0.10647533216651073, -0.09006460721913118, 0.037497628625691726, -0.1957784363341122, -0.022960248024950617, -0.11550088756122066, -0.1723317933259684, 0.06204147555378159]"
20,10,9,0,"[0.0928000560618366, -0.05262208491657864, -0.04294461530656667, 0.07589895439015235, 0.0072019156048257135, -0.187600254757544, 0.026173317021982553, 0.08224688194497684, -0.02240629172604642, 1.1007666869266968]"
197,9,8,1,"[1.2517845888097014, 0.833010072987237, 1.231326788760227, 1.0305307224000226, 0.9391430796588822, 0.7943631035479723, 0.21213753653488163, -0.1327365725001927, 0.10735110294393649]"
197,9,8,1,"[0.9991076520450164, 1.1536173426376624, 0.8543525088242618, 1.0480880377282105, 0.843663877243621, 0.7733550437372657, 0.13666601517965735, -0.11721466966720724, -0.06889357172789652]"
197,9,8,1,"[0.1259599347459053, 0.03838084150925799, 0.16335274675128397, 0.8533856914236652, 1.0074963138705273, 0.9762105177626627, 0.960970691660137, 0.9115864381419365, 1.12500141154127]"
653,11,10,2,"[0.9089661152306865, 0.026719504701929322, 0.10379280266458553, -0.04178175889161942, -0.02968835873767386, -0.07110049555103658, 0.010054626736251942, -0.022995298038815535, 0.07105130717461099, 0.03614727149143124, -0.012614793483401594]"
653,11,10,2,"[0.8369277742001887, -0.05700025380934867, 0.06810539548162102, -0.10686922611560506, -0.192353011146168, -0.13110917749338583, 0.016779037256009592, 0.009117681415984794, 0.007992918248490022, -0.15918119426161645, 0.11559816324339545]"
653,11,10,2,"[-0.004570430195928325, 0.10055529175543354, -0.15080662143668055, 0.12570009418038489, -0.042128690416381245, -0.06371823425376569, -0.1156648819034337, -0.00439006682924465, -0.10058269458808594, 0.07406462964663744, 0.9829686391803565]"
672,11,10,2,"[0.9941198906401448, 0.7957734926832165, 1.0036380977012065, 0.9481956905441745, 0.030901215647202163, -0.08120630141665369, -0.06475479644408826, -0.11739730290585036, -0.04305410814811571, -0.007944200285431177, 0.0722433681239133]"
672,11,10,2,"[0.8932316467116814, 0.9668718156753092, 1.043301343291312, 0.9957848561922412, 0.01717554994306085, 0.017170638212359084, 0.10762136140891934, 0.15346469211551395, -0.15715762692907156, -0.09006787420882993, 0.1504825141104934]"
672,11,10,2,"[-0.08259933914864737, -0.003509224434574097, -0.04500403072610343, -0.01815575748989896, -0.05737730054414578, 0.02287270267998303, -0.05187550978575738, 0.9017059104232961, 1.0674591763506076, 1.0039763287502723, 0.9103715288607623]"
691,11,10,2,"[1.068166563003855, 0.10338906832745898, 0.1293228294722656, -0.06026576395601729, 0.16429990752773302, -0.06172299426911731, 0.017751569910451633, 0.018715992895415114, -0.17281493665724945, -0.039785406139251765, -0.04001727195298005]"
691,11,10,2,"[1.1271991914218185, -0.21435345848610754, -0.11718398812756006, -0.014071068044891335, -0.03335357602809328, -0.004392754497542412, -0.023954228679950257, 0.04321199338986573, -0.01681269620608501, 0.00838695181231676, 0.23991050428120692]"
691,11,10,2,"[-0.03345584866442487, -0.06700828778448938, 0.011324868798751492, 0.13805689117617714, 0.02789828375101626, -0.10120296123941278, 0.12420782946770306, -0.00011127107942914134, 0.13037558804370988, 0.1727385039891477, 0.8324345929872202]"
690,11,10,2,"[1.1398839567379926, 1.0506405082016776, 1.0610936496740437, 1.0673457548928906, -0.13256154919679577, 0.04495879832844129, -0.08259321844601775, 0.07899197095454091, 0.08743017768139265, 0.048761614422798284, 0.13480788416542644]"
690,11,10,2,"[0.9544178584684472, 1.0240997148027446, 0.9990573193298149, 1.0497113513656102, 0.04958064141689894, 0.055000655891445954, 0.0633968398325794, -0.000863021417325003, -0.09078347977142348, -0.07467268396800127, 0.011599523213819393]"
690,11,10,2,"[-0.06703829809272982, -0.10921880184676494, 0.040258438073384493, -0.0577399237209033, -0.03234808976776796, 0.01891998445317811, -0.07430172402800463, 1.066170975918971, 0.97247890384231, 1.080196845644771, 1.092484465353456]"
688,11,10,2,"[1.056935294364849, -0.10937249208791443, -0.013058559839337933, 0.08807355757609986, -0.1526516698971343, -0.015494655308986605, 0.040935878462194375, 0.004335044223538622, -0.21305959102809227, -0.06542303584093129, -0.0627707940130653]"
688,11,10,2,"[1.2084479248628408, 0.05610520883097048, -0.05151639426984425, 0.00874081613531218, 0.04336920108642381, -0.09336753732168179, 0.2555746369329033, -0.05874642803251287, 0.02071951586442363, -0.13249488287663588, 0.016257677401550475]"
688,11,10,2,"[-0.02515257474763646, 0.1265642940946463, -0.025039162366315478, 0.2001160365182667, 0.011322887899982398, 0.06207400758237941, -0.04538411576040269, 0.10216393578782168, -0.10068300278411176, 0.05466312558368883, 1.1613027623636334]"
537,11,10,2,"[1.0455806539616868, 0.9541427180035142, 0.961396739579212, 0.8287252675181407, -0.02621147902197804, 0.10488339163124652, 0.002864161651727627, -0.11550540030837689, 0.0030430436049213344, 0.022340281481583107, -0.1188172562914101]"
537,11,10,2,"[1.0327087615586932, 0.9622353853459678, 1.0187898322294462, 1.040812643522465, -0.07546022790918477, -0.12813127564490387, -0.1875586835756331, -0.03866708821812748, 0.15451592019142923, -0.15298903049137536, -0.07285753007760687]"
537,11,10,2,"[0.10391186108816151, 0.06731915116777945, -0.0013961234076608935, 0.026698694051005542, 0.06473484497880488, 0.09411961806220144, 0.1560290406595752, 0.861058343492222, 0.8503666598861132, 0.9558507236233733, 0.989863773634468]"
179,10,9,0,"[0.956347775084039, -0.07424639240428176, -0.18758878941845203, 0.17256240368528453, -0.08815950713942129, -0.14294775605979315, -0.040160816699095735, -0.10967516090894205, 0.012873384035556277, 0.10955551383925143]"
179,10,9,0,"[1.0731498791062297, -0.07753060810923683, -0.05252978820769503, 0.31603018466260363, 0.12791839124289334, -0.07249294566172917, -0.0025907721005056818, -0.06996230615027531, -0.0640436918171223, -0.03752772370030921]"
179,10,9,0,"[0.0041039324236789255, -0.1045086773136361, -0.0013699236245773372, 0.07377517345563732, 0.0630365713152968, -0.07306844094170871, -0.00612208728617909, 0.06695470056485452, 0.0191729889428085, 0.876785957863623]"
103,10,9,0,"[1.0206330275404474, 0.9269850050092976, 0.9914550520034378, 1.1179120435612537, 0.09810854997002838, -0.06019236116931512, 0.15892231836455728, -0.0815928441848422, -0.030140722568316704, -0.058737169798493784]"
103,10,9,0,"[0.9156173919166097, 0.9943578222168816, 0.8982091463514963, 1.0829397257186657, -0.04710186872926842, -0.033257155782099736, -0.11711680382278143, 0.08520969503147073, -0.01334106145012845, -0.024023764124260202]"
103,10,9,0,"[-0.0959510751720447, -0.013457511282926653, -0.13788385946893458, -0.050054598825815144, -0.12884989055989868, 0.04946421917006927, 1.0230379680941797, 1.0368694630520356, 0.9292475884049972, 0.9751409543662853]"
248,9,8,1,"[0.8875158754898496, 0.9736485135941657, 0.8822441267859642, 1.2758031067554767, 0.054429126016569, 0.05427163035670293, 0.097310353860506, -0.2725539594843755, -0.03133604839896386]"
248,9,8,1,"[1.174087271885807, 0.8808834594760885, 1.0357342095719577, 0.837008030527072, -0.10462109138442047, -0.016447198389007857, 0.10202807331419311, -0.04108962357511663, -0.0953112936931963]"
248,9,8,1,"[0.10254395961116454, 0.13599298522757405, -0.22056238012607643, -0.14979000303216056, -0.004906357357737604, 0.9688497804237803, 0.9044908700109328, 1.0894073008592484, 1.007459332589177]"
757,11,10,2,"[0.8788727546531677, 0.9304744380614028, 1.1403876891708902, 0.7182784580695307, 0.10550248566949556, -0.13043286066155496, 0.14188689785376177, -0.06557950841363856, -0.11185327279110079, 0.0704144182701193, -0.01918539373464164]"
757,11,10,2,"[1.0223009448724312, 1.0516928222896593, 0.8846972706404235, 1.1779762157691747, 0.014725966230281225, 0.1783599441720902, -0.1601881822018909, 0.006343485031972299, -0.06919280538079417, 0.12433315032675403, -0.009193916576707654]"
757,11,10,2,"[-0.011756595852374107, 0.1919179150005083, 0.09183307026487114, -0.020443039353528626, -0.03420941450294341, -0.05343518563816421, -0.23070795510852526, 0.9602681024255312, 0.9371589829951955, 0.9728032024643356, 1.0984150090750855]"
562,11,10,2,"[1.1245970945260184, 0.8609636308993399, 0.9207045477825434, 1.004096339539644, -0.06556273584202689, 0.1208624270785787, 0.03219681256855875, 0.05407986851573698, 0.002473061890060121, 0.05232286295907288, 0.0630483198043812]"
562,11,10,2,"[0.8130991886119477, 1.0476318158186928, 0.9254013217208841, 1.1369227968977649, 0.16519531054490438, -0.22186111672797534, 7.924944407308992e-05, -0.03606409711474475, -0.1714557561192531, -0.09433957670860166, -0.0086590972523311]"
562,11,10,2,"[-0.27685064931854847, -0.0119435294845836, -0.08714162220848753, 0.07353660627842841, -0.042429460361948834, -0.03582571335485946, 0.01244628771460144, 1.127766250670072, 0.9790719680364462, 1.0031513235258873, 1.0926658242594158]"
564,11,10,2,"[0.9148175354393576, 0.01096726129985913, 0.09374989139527873, -0.24409235857073386, -0.17911062598741792, 0.05824901349572625, -0.03711796416133523, -0.15841531432041825, 0.039678006383945724, -0.05398414440805014, 0.054000405471692575]"
564,11,10,2,"[0.9862680348465593, 0.02761261529273695, 0.08025895679714298, -0.05401272810952182, -0.24968248155801095, 0.12014395541982135, 0.01125939169274563, -0.08879974957688083, 0.04924047307865354, -0.18430910951248192, 0.052704355629093175]"
564,11,10,2,"[-0.03332014808689242, -0.06780074931092338, -0.024640179311790057, -0.03949754611430582, 0.11268476413090425, -0.06513632641673575, 0.10662728893933443, -0.08922274259802647, -0.1534679066126819, -0.1281036919872105, 1.0532733048956526]"
491,11,10,2,"[0.9599398349301107, 1.0990033216361854, 0.940559652808412, 0.9536844113724066, 0.00036676117702633815, 0.06056885869080397, -0.03188897101427348, -0.10154267305053609, -0.06565697480662647, -0.2570340846298673, -0.04367876988843252]"
491,11,10,2,"[0.933124862264045, 1.0214417867706271, 0.9610805442393084, 1.0259792287061467, -0.016960756201457858, -0.04304831684400512, 0.08303067176461976, 0.07705426219644017, -0.07639829342690951, 0.037974894732687586, -0.06834527317611025]"
491,11,10,2,"[-0.0426788769222348, -0.0010121275895194457, -0.015161353893653667, -0.01860669061576247, 0.07107198467696164, 0.018315699638213452, 0.0411088968445103, 0.9686032868005033, 0.8075829798687298, 1.1534543872276777, 0.7618872137732949]"
801,11,10,2,"[1.191603772747555, 1.033098458307898, 1.024944550293469, 0.9844129210464537, -0.05298807277716255, 0.03690292111273651, -0.02622291393322759, -0.0650631865878905, 0.11474918110922523, -0.11765419546072649, 0.04643713111093401]"
801,11,10,2,"[0.8250968820958011, 1.0943775988841304, 0.9204302869945474, 1.0573918266369915, -0.09774406586146069, 0.1662358891560055, -0.06483112513025963, 0.1879668015063113, 0.16583682854844428, -0.006104853311059231, 0.0626778858410561]"
801,11,10,2,"[0.016040571562488212, -0.0641506633668653, 0.16204986591844506, 0.011814098707637596, 0.1063558976656571, -0.09697180740575251, -0.08783659070405417, 1.099254676247258, 1.0323308722776632, 1.0203777885667176, 1.1056439305797316]"
806,11,10,2,"[1.0071803888647026, 0.8522816775431385, 0.9431396844971145, 1.087510194539387, 0.11588034625973714, -0.13439335410294936, 0.12168158198980457, -0.022926723785025138, 0.05077141809717864, -0.04044350358546867, 0.051263697047957094]"
806,11,10,2,"[0.934139708372338, 1.0175160091701927, 0.8085311986037604, 0.9388313628444839, 0.30449196325290084, 0.1272773826395446, -0.034598911366368446, 0.012090503418302298, -0.04176188607156328, 0.06016785535395966, -0.0342878172260313]"
806,11,10,2,"[0.18123689388555378, 0.0293773943968763, -0.2497808288094392, -0.08432011912438075, -0.03672848072920711, -0.1415831363191003, -0.007947749488497963, 1.0326274180182473, 0.881248907030945, 0.8789819652321957, 1.042939666610149]"
468,9,8,1,"[1.145997400973428, 1.1921712056318121, 0.8770706501167496, 0.9736866519220742, 0.9557204637589031, 1.0849144211562667, -0.037904998687011054, 0.09567090661173146, -0.025046165250639775]"
468,9,8,1,"[0.9422630793335437, 1.1091542392600564, 1.0562015447515807, 1.0546967843235513, 0.9983465096493543, 1.1162477525027121, -0.1667107872180036, 0.10420988498574113, 0.22658843928019087]"
468,9,8,1,"[-0.05393380190902704, 0.013550437505316176, 0.02861633723688164, 0.9553720377378477, 1.2139751578285658, 1.0149956589659157, 1.0513834319866098, 1.0140098467299423, 1.0451415482025186]"
325,9,8,1,"[1.0985193641026176, -0.09955216706467737, 0.0017390232313531798, 0.006987830146615918, -0.0772241409442289, -0.06973379005710623, -0.032001928571476046, -0.05739456347358597, -0.06996469913878019]"
325,9,8,1,"[0.9076508253321658, -0.039274182231146315, 0.16425364947278567, -0.018484978892639035, 0.051050683630171914, 0.10294392376053203, 0.0791258875101054, -0.07926654134119182, -0.005009464662396886]"
325,9,8,1,"[0.09280672446839856, 0.10931232610216507, 0.08171875715674701, 0.07634697537295382, 0.08146103972733276, -0.001973275899493146, 0.011468752619211656, 0.0018826862813214867, 1.0532340952660553]"
753,11,10,2,"[0.9806739360162362, 1.0346448100109829, 0.9598758761917302, 0.9666932421151919, -0.06502908228505909, -0.014730039036363628, 0.03452024738296269, -0.019383813139226182, -0.07879112732727, 0.17334021416420559, 0.12154656653481218]"
753,11,10,2,"[1.054855264054054, 0.8808183443067754, 1.0513206291015122, 0.9688891016501388, -0.11041926456616527, 0.028302690030468466, -0.05039238848255462, 0.0027044400156354953, -0.09669468460784776, -0.022526867426878122, -0.16359650390656721]"
753,11,10,2,"[0.06351292256384415, -0.15541326666543132, -0.057391474287981185, -0.05094019323182114, -0.027162976731106937, 0.08100932056251953, 0.1336514336833063, 0.9320354764433962, 0.8641752961708706, 0.9704549880012463, 1.011073813475068]"
722,11,10,2,"[0.9572675833017938, 0.9142187555742896, 1.148120004127256, 1.0232757627604085, 0.16485860571451405, 0.08260522197292068, 0.04295465230110218, -0.06831042829202219, -0.045346551817896444, 0.03071559673100815, -0.0373605781513914]"
722,11,10,2,"[0.9642976566324654, 1.0403895841797501, 0.9887566584221573, 1.1034953831819267, 0.04524293885526772, -0.0865334421130282, 0.011192260240461178, 0.046720861500401716, -0.05502689769996725, 0.18970784739223356, 0.014172330429955478]"
722,11,10,2,"[0.04201637048976771, 0.07264999228545206, 0.0890415838080929, 0.04226033654242491, 0.060561680671389354, -0.08555730944431583, 0.02329007210745696, 0.9192790275127631, 1.0689660016268405, 1.0769381113855707, 0.8588200582905259]"
451,9,8,1,"[0.9021614339591396, 0.9045683661538817, 0.9906698412286838, 0.8566299026075237, -0.01195785051298541, -0.09744350976433122, 0.018399568588634712, 0.008152816427656844, -0.17797687152381053]"
451,9,8,1,"[0.8820900165084947, 1.0454534072674488, 1.0110756494171431, 0.953996551242006, -0.12610368790941015, 0.11887665529465305, 0.07204154992521572, -0.2677036026341965, -0.06348803172351752]"
451,9,8,1,"[0.12726975532606735, -0.027515474552621502, 0.16344562438945265, -0.006275650945368693, -0.05681258155965111, 0.9980872936818428, 1.0417831881932489, 0.8989316596541851, 0.9927069880205632]"
515,11,10,2,"[0.9027275636653096, 0.9641992851088228, 1.1137145296103144, 0.9505571211618414, -0.013892567160676512, 0.06632984783535224, 0.12445768626708603, -0.016557436545032778, -0.015631300386401634, -0.0045455257281482855, 0.08194255013113905]"
515,11,10,2,"[0.8791005192375292, 1.1078747435489213, 1.0561792979034552, 0.9919378156705553, -0.028676323993860095, 0.07267630456506341, -0.07346123248455616, -0.335919012227365, 0.21039300148167925, 0.00893741656810215, 0.1603696452287428]"
515,11,10,2,"[-0.19198490530839374, 0.11672855787917909, -0.1510569999384255, 0.0021091870052309556, 0.03097839106110542, -0.027045341091420552, 0.005774741490876336, 1.0907499504243534, 1.0071588683867645, 0.9099054273433453, 1.1199111799797024]"
620,11,10,2,"[1.0438579667220407, 0.8792385324170489, 1.0204871660946662, 1.1176659965310174, -0.036022748747944755, 0.10655680263633949, 0.06624782773194941, -0.020422308469853406, -0.014410388429179997, -0.11213880958305684, -0.1434701259220709]"
620,11,10,2,"[0.7592383051381949, 1.0833252300954082, 1.0692872961493505, 1.018203572623348, 0.1527755855159355, -0.10483515312777636, -0.02368215852545251, -0.10040659111272159, 0.0038120692241836625, 0.025374515779360826, 0.1198159774345589]"
620,11,10,2,"[-0.08918819714104838, -0.05930649260405764, -0.18457385017795436, 0.032846338188644374, 0.039843453564330056, -0.0492919914148266, 0.00967834373489033, 0.9544823409499311, 0.9946203793331184, 1.0500478946335898, 0.9086387937199162]"
648,11,10,2,"[0.9551272227628455, 1.0242623346835866, 0.8593893627647844, 1.085228566762603, 0.16707229454790642, -0.061000153932207216, -0.16207562521305274, -0.19907008687988184, 0.2007051900900533, -0.04738840970253069, -0.15512523300221895]"
648,11,10,2,"[0.9998632940746589, 1.1220786266463638, 1.0881354462313433, 1.1304859585842417, 0.07691758114766833, -0.06853360482859583, -0.08031846784578041, -0.09771210534186339, -0.11996471645960091, 0.1141433115149819, -0.09746870282092467]"
648,11,10,2,"[-0.0887791691234312, 0.01985949088276932, -0.07949430266327645, -0.1005458303555868, -0.07666699982880898, -0.11355084237459241, -0.09655039669623516, 1.0548668074710237, 0.9433739406042907, 1.02229471749479, 1.00411788509781]"
